"141000,1404"
"Seven of Diamonds | Five of Clubs,1263,118"
"Ten of Clubs | Five of Clubs,1955,341"
"Four of Hearts | Three of Spades,838,67"
"Five of Diamonds | Four of Spades,811,61"
"King of Clubs | Four of Spades,1270,145"
"Ace of Hearts | Nine of Hearts,835,119"
"King of Hearts | Five of Clubs,1297,123"
"Ten of Diamonds | Eight of Diamonds,811,98"
"King of Hearts | Seven of Diamonds,878,75"
"Ace of Spades | Eight of Hearts,823,108"
"Five of Hearts | Two of Clubs,1235,80"
"Six of Spades | Four of Hearts,860,73"
"Jack of Spades | Four of Diamonds,883,55"
"Jack of Spades | Six of Clubs,1262,98"
"Five of Spades | Five of Diamonds,432,54"
"Queen of Hearts | Seven of Spades,843,74"
"King of Clubs | Four of Clubs,1950,436"
"Queen of Diamonds | Two of Clubs,1289,95"
"Ace of Clubs | Three of Spades,1269,196"
"Four of Clubs | Three of Spades,1199,84"
"Ace of Clubs | Eight of Clubs,1893,460"
"King of Diamonds | Nine of Hearts,827,100"
"Queen of Diamonds | Jack of Hearts,804,101"
"Jack of Diamonds | Seven of Hearts,866,87"
"Jack of Clubs | Four of Clubs,1940,349"
"Jack of Diamonds | Nine of Hearts,844,105"
"Jack of Hearts | Eight of Diamonds,798,74"
"Ace of Clubs | Ten of Clubs,1919,560"
"Seven of Hearts | Three of Hearts,826,73"
"Jack of Clubs | Seven of Diamonds,1243,123"
"Four of Clubs | Three of Diamonds,1290,99"
"Nine of Diamonds | Four of Clubs,1261,72"
"Five of Hearts | Four of Diamonds,833,78"
"Ace of Spades | Eight of Clubs,1298,159"
"King of Clubs | Eight of Spades,1230,126"
"Ace of Diamonds | Two of Clubs,1312,140"
"Queen of Diamonds | Jack of Diamonds,841,133"
"King of Clubs | Ten of Diamonds,1259,212"
"Nine of Clubs | Five of Spades,1265,109"
"Ace of Diamonds | Ten of Spades,839,115"
"Nine of Clubs | Nine of Hearts,638,123"
"Jack of Clubs | Jack of Spades,615,109"
"Jack of Clubs | Six of Hearts,1292,120"
"Three of Spades | Two of Hearts,852,71"
"Ace of Hearts | Queen of Clubs,1311,201"
"Queen of Spades | Six of Spades,821,86"
"Queen of Clubs | Queen of Diamonds,618,146"
"Ace of Spades | Seven of Clubs,1243,123"
"Five of Clubs | Two of Hearts,1257,74"
"Jack of Diamonds | Four of Hearts,874,81"
"Four of Hearts | Two of Clubs,1331,72"
"Ace of Spades | King of Spades,827,147"
"Ace of Hearts | Ten of Clubs,1382,184"
"Ace of Hearts | King of Hearts,805,143"
"Jack of Hearts | Jack of Spades,419,78"
"Queen of Hearts | Jack of Hearts,821,116"
"Eight of Diamonds | Eight of Hearts,432,64"
"Ace of Hearts | Jack of Hearts,811,128"
"Ace of Clubs | Two of Clubs,1945,479"
"Jack of Hearts | Four of Spades,846,78"
"Ten of Spades | Four of Diamonds,810,56"
"Queen of Clubs | Ten of Clubs,1926,484"
"Ace of Hearts | Seven of Clubs,1257,132"
"Ten of Spades | Five of Hearts,823,67"
"Six of Hearts | Three of Diamonds,864,65"
"King of Spades | Two of Clubs,1239,89"
"Ace of Clubs | Four of Hearts,1285,197"
"King of Diamonds | Three of Clubs,1221,99"
"Queen of Hearts | Eight of Hearts,842,117"
"King of Clubs | Jack of Spades,1273,216"
"Eight of Hearts | Seven of Spades,827,97"
"Five of Spades | Four of Clubs,1281,99"
"King of Diamonds | Seven of Hearts,819,87"
"Ace of Spades | Three of Spades,843,103"
"King of Spades | Six of Clubs,1250,124"
"Jack of Hearts | Ten of Clubs,1281,183"
"Eight of Clubs | Four of Clubs,1947,307"
"Three of Spades | Two of Clubs,1342,62"
"Ace of Spades | Seven of Diamonds,883,105"
"King of Spades | Three of Diamonds,820,84"
"King of Spades | Jack of Spades,819,138"
"Ace of Spades | Ace of Diamonds,410,117"
"Seven of Clubs | Six of Hearts,1263,140"
"Three of Clubs | Three of Hearts,616,75"
"Six of Diamonds | Four of Spades,826,54"
"Ten of Clubs | Seven of Clubs,2031,405"
"Eight of Clubs | Two of Clubs,1882,254"
"Jack of Diamonds | Two of Hearts,788,55"
"Eight of Diamonds | Two of Spades,839,56"
"Ace of Clubs | King of Diamonds,1271,267"
"Queen of Diamonds | Ten of Spades,837,103"
"Ace of Clubs | Nine of Hearts,1215,159"
"Ace of Diamonds | Two of Hearts,844,87"
"Ace of Diamonds | Two of Spades,782,82"
"Ace of Hearts | Four of Clubs,1320,136"
"Jack of Hearts | Nine of Hearts,812,103"
"Jack of Hearts | Two of Spades,845,59"
"Ten of Spades | Ten of Hearts,442,81"
"Ten of Hearts | Three of Clubs,1282,99"
"Seven of Diamonds | Seven of Clubs,654,79"
"Queen of Spades | Jack of Clubs,1259,188"
"Jack of Clubs | Nine of Diamonds,1224,143"
"King of Spades | Nine of Clubs,1256,151"
"Jack of Spades | Eight of Hearts,869,87"
"Seven of Clubs | Three of Spades,1256,78"
"Jack of Spades | Eight of Spades,850,105"
"Ace of Diamonds | Four of Hearts,830,95"
"Jack of Hearts | Three of Hearts,895,84"
"Ten of Hearts | Four of Spades,817,70"
"Four of Hearts | Four of Spades,421,59"
"Ten of Spades | Three of Spades,819,72"
"Ten of Hearts | Two of Clubs,1273,81"
"Jack of Hearts | Ten of Hearts,846,133"
"King of Clubs | Six of Hearts,1327,138"
"King of Clubs | Eight of Diamonds,1236,141"
"Ace of Clubs | Five of Clubs,1918,485"
"Six of Diamonds | Five of Hearts,844,58"
"Six of Spades | Three of Hearts,837,51"
"Eight of Clubs | Six of Diamonds,1253,93"
"Ten of Spades | Three of Clubs,1272,74"
"Queen of Diamonds | Ten of Hearts,841,101"
"Ten of Hearts | Nine of Clubs,1266,157"
"King of Hearts | Five of Spades,853,72"
"Five of Spades | Five of Clubs,639,68"
"Ace of Hearts | Three of Spades,802,90"
"Queen of Diamonds | Seven of Spades,836,93"
"Ten of Hearts | Ten of Diamonds,420,75"
"Eight of Spades | Three of Hearts,841,51"
"Ten of Diamonds | Six of Clubs,1259,88"
"Ten of Diamonds | Three of Spades,828,56"
"Four of Clubs | Four of Diamonds,634,63"
"King of Diamonds | Six of Clubs,1257,99"
"Ace of Diamonds | Six of Diamonds,859,106"
"Nine of Hearts | Three of Diamonds,785,67"
"Ace of Spades | Six of Diamonds,834,91"
"Eight of Clubs | Two of Spades,1329,85"
"Jack of Clubs | Three of Hearts,1282,95"
"Queen of Spades | Six of Hearts,825,76"
"King of Diamonds | Seven of Spades,866,86"
"Ace of Clubs | Jack of Spades,1290,228"
"Jack of Clubs | Eight of Spades,1245,136"
"Five of Clubs | Four of Spades,1329,112"
"King of Spades | Ten of Hearts,790,113"
"Ten of Diamonds | Nine of Diamonds,829,89"
"Nine of Hearts | Six of Hearts,822,81"
"Two of Diamonds | Two of Hearts,382,44"
"Eight of Clubs | Five of Diamonds,1296,101"
"Eight of Clubs | Seven of Spades,1282,132"
"Six of Diamonds | Four of Diamonds,855,99"
"Queen of Diamonds | Four of Spades,848,67"
"Four of Spades | Three of Diamonds,806,64"
"Six of Spades | Three of Diamonds,868,66"
"King of Spades | Two of Hearts,809,71"
"Four of Diamonds | Four of Spades,386,54"
"Queen of Diamonds | Six of Spades,812,75"
"Jack of Diamonds | Four of Clubs,1303,105"
"Ten of Spades | Nine of Clubs,1268,148"
"Four of Clubs | Four of Spades,649,69"
"Queen of Spades | Four of Hearts,855,76"
"Nine of Diamonds | Six of Clubs,1232,105"
"Ace of Clubs | Jack of Diamonds,1245,235"
"Ten of Clubs | Nine of Diamonds,1210,126"
"Eight of Spades | Six of Clubs,1290,118"
"Seven of Hearts | Four of Spades,822,52"
"Ace of Spades | Four of Spades,845,95"
"King of Clubs | Four of Diamonds,1235,140"
"Ace of Spades | Four of Hearts,829,100"
"Jack of Diamonds | Six of Clubs,1226,88"
"Nine of Hearts | Four of Clubs,1279,75"
"King of Spades | Six of Hearts,823,79"
"Ace of Spades | Queen of Hearts,826,130"
"Six of Spades | Five of Hearts,863,84"
"Two of Hearts | Two of Clubs,610,60"
"Queen of Spades | Eight of Hearts,835,77"
"Seven of Diamonds | Five of Spades,884,72"
"Jack of Spades | Three of Hearts,861,63"
"Ace of Diamonds | Two of Diamonds,829,86"
"Five of Diamonds | Five of Hearts,434,46"
"Ace of Diamonds | King of Clubs,1247,228"
"Five of Diamonds | Four of Hearts,841,87"
"Nine of Spades | Two of Diamonds,842,52"
"Six of Spades | Two of Spades,793,57"
"Queen of Spades | Seven of Spades,886,102"
"Six of Hearts | Four of Spades,841,76"
"King of Spades | King of Diamonds,427,99"
"Queen of Hearts | Jack of Clubs,1220,181"
"Ace of Hearts | Three of Hearts,793,94"
"Queen of Clubs | Two of Spades,1282,111"
"Jack of Spades | Jack of Diamonds,431,80"
"Ace of Spades | Ten of Clubs,1232,162"
"Jack of Spades | Three of Spades,813,82"
"Seven of Clubs | Two of Diamonds,1197,53"
"Seven of Diamonds | Six of Clubs,1302,114"
"Ace of Spades | Nine of Diamonds,806,85"
"Six of Hearts | Two of Diamonds,853,52"
"Six of Spades | Four of Diamonds,857,80"
"Nine of Clubs | Four of Diamonds,1256,99"
"Jack of Hearts | Seven of Hearts,835,89"
"Five of Clubs | Two of Clubs,1898,236"
"Seven of Spades | Six of Diamonds,873,74"
"Queen of Hearts | Jack of Spades,831,109"
"Ace of Hearts | Five of Hearts,863,124"
"Ace of Diamonds | Seven of Hearts,848,83"
"King of Diamonds | Two of Clubs,1261,80"
"Nine of Clubs | Eight of Spades,1246,136"
"Jack of Clubs | Six of Clubs,1913,347"
"Eight of Spades | Seven of Hearts,840,82"
"Ace of Hearts | Seven of Spades,881,83"
"Ace of Diamonds | Jack of Clubs,1312,193"
"Ace of Diamonds | Eight of Diamonds,858,112"
"Queen of Diamonds | Five of Hearts,846,86"
"Ten of Diamonds | Five of Hearts,831,71"
"Queen of Hearts | Four of Spades,812,54"
"Queen of Diamonds | Seven of Hearts,865,79"
"Four of Clubs | Two of Spades,1267,84"
"Ace of Diamonds | Nine of Hearts,829,82"
"King of Hearts | Six of Spades,827,78"
"Jack of Spades | Six of Hearts,845,85"
"Ten of Hearts | Two of Spades,914,61"
"King of Clubs | Two of Spades,1295,150"
"Ace of Diamonds | Queen of Spades,831,134"
"Ace of Spades | King of Clubs,1287,257"
"Four of Diamonds | Four of Hearts,401,57"
"Jack of Spades | Five of Diamonds,833,59"
"Five of Hearts | Two of Hearts,794,68"
"Nine of Spades | Seven of Clubs,1292,114"
"King of Clubs | Seven of Hearts,1283,173"
"King of Clubs | Queen of Clubs,1924,538"
"Nine of Clubs | Eight of Hearts,1240,124"
"Four of Spades | Three of Spades,836,69"
"Eight of Diamonds | Six of Diamonds,871,87"
"Seven of Spades | Two of Clubs,1233,55"
"Nine of Diamonds | Seven of Spades,911,108"
"King of Hearts | Four of Hearts,874,105"
"Ace of Hearts | Jack of Spades,796,113"
"Queen of Spades | Nine of Hearts,803,87"
"Eight of Hearts | Three of Clubs,1313,82"
"Jack of Clubs | Six of Diamonds,1233,121"
"Ace of Hearts | Five of Diamonds,857,80"
"Four of Hearts | Two of Diamonds,820,57"
"Jack of Diamonds | Ten of Hearts,794,99"
"Four of Diamonds | Three of Clubs,1137,86"
"King of Hearts | Three of Clubs,1225,90"
"Ten of Diamonds | Seven of Diamonds,845,99"
"Five of Spades | Four of Hearts,806,75"
"Queen of Spades | Seven of Hearts,862,81"
"Queen of Spades | Two of Spades,878,95"
"Five of Hearts | Two of Diamonds,829,63"
"Jack of Clubs | Five of Spades,1299,98"
"Five of Clubs | Five of Hearts,637,65"
"Six of Diamonds | Five of Diamonds,821,93"
"Queen of Hearts | Five of Clubs,1304,110"
"Ace of Hearts | Eight of Hearts,812,110"
"King of Hearts | Four of Clubs,1245,109"
"Ace of Hearts | Nine of Spades,845,82"
"Queen of Clubs | Jack of Clubs,1958,458"
"Nine of Clubs | Six of Clubs,1924,326"
"Jack of Diamonds | Eight of Spades,875,94"
"Ace of Clubs | Jack of Hearts,1271,243"
"Nine of Hearts | Two of Hearts,815,69"
"Ace of Spades | Seven of Hearts,807,85"
"Jack of Hearts | Five of Diamonds,857,62"
"Nine of Diamonds | Five of Hearts,845,66"
"Six of Spades | Four of Clubs,1256,90"
"Five of Hearts | Two of Spades,824,56"
"Seven of Diamonds | Two of Diamonds,848,59"
"Nine of Hearts | Three of Hearts,836,77"
"Jack of Clubs | Ten of Hearts,1263,192"
"Seven of Diamonds | Six of Spades,837,89"
"Queen of Hearts | Four of Hearts,801,86"
"Nine of Hearts | Seven of Diamonds,830,84"
"Ten of Hearts | Four of Diamonds,796,69"
"Nine of Hearts | Five of Spades,829,63"
"King of Spades | Four of Hearts,869,83"
"Queen of Clubs | Seven of Spades,1255,124"
"Nine of Spades | Four of Hearts,842,53"
"Ten of Clubs | Three of Diamonds,1298,96"
"Queen of Clubs | Two of Diamonds,1276,122"
"Nine of Clubs | Nine of Spades,641,105"
"Seven of Clubs | Seven of Diamonds,667,70"
"Three of Spades | Two of Spades,828,83"
"Nine of Spades | Eight of Hearts,808,92"
"Ten of Diamonds | Five of Spades,895,55"
"Six of Clubs | Five of Clubs,1891,315"
"Jack of Diamonds | Four of Diamonds,880,89"
"Ten of Clubs | Three of Hearts,1241,96"
"Ten of Diamonds | Two of Spades,833,77"
"King of Diamonds | Queen of Clubs,1210,189"
"King of Spades | Jack of Diamonds,858,103"
"King of Clubs | Ten of Spades,1247,209"
"Queen of Clubs | Six of Spades,1287,115"
"Queen of Clubs | Five of Clubs,1919,380"
"Six of Clubs | Six of Spades,690,83"
"King of Spades | Three of Hearts,822,67"
"Nine of Hearts | Four of Diamonds,802,59"
"Six of Hearts | Five of Hearts,854,80"
"Jack of Diamonds | Two of Diamonds,861,75"
"Jack of Hearts | Nine of Clubs,1250,142"
"Queen of Diamonds | Nine of Hearts,881,105"
"Jack of Spades | Seven of Hearts,818,79"
"Nine of Clubs | Six of Hearts,1235,115"
"Eight of Diamonds | Seven of Clubs,1196,112"
"Five of Clubs | Two of Diamonds,1319,100"
"Nine of Diamonds | Nine of Spades,381,58"
"Jack of Diamonds | Seven of Clubs,1227,92"
"Six of Hearts | Five of Spades,834,84"
"King of Hearts | Ten of Spades,845,100"
"Seven of Diamonds | Three of Diamonds,846,73"
"King of Spades | Nine of Diamonds,870,101"
"Seven of Diamonds | Four of Clubs,1321,113"
"King of Diamonds | Jack of Hearts,872,129"
"Seven of Hearts | Six of Clubs,1290,104"
"Nine of Diamonds | Eight of Clubs,1212,126"
"Ten of Diamonds | Six of Diamonds,808,95"
"Ten of Clubs | Six of Clubs,1920,356"
"Six of Spades | Six of Diamonds,395,49"
"Eight of Hearts | Three of Spades,862,42"
"Queen of Diamonds | Seven of Diamonds,872,87"
"Ace of Hearts | Three of Clubs,1210,110"
"Nine of Clubs | Five of Hearts,1282,111"
"Ace of Diamonds | Seven of Diamonds,869,109"
"Five of Diamonds | Three of Diamonds,809,84"
"Ace of Hearts | Ten of Hearts,883,136"
"King of Diamonds | King of Hearts,418,97"
"Jack of Hearts | Eight of Hearts,872,101"
"Queen of Clubs | Eight of Hearts,1285,137"
"Ten of Diamonds | Four of Hearts,816,53"
"King of Hearts | Eight of Hearts,795,93"
"Nine of Hearts | Nine of Spades,437,67"
"Eight of Clubs | Two of Diamonds,1327,101"
"Jack of Diamonds | Seven of Spades,843,74"
"Jack of Diamonds | Nine of Spades,879,97"
"King of Diamonds | Two of Hearts,796,69"
"Queen of Hearts | Queen of Diamonds,433,101"
"Nine of Hearts | Two of Diamonds,836,56"
"Ten of Clubs | Four of Spades,1309,96"
"Ace of Spades | Ten of Diamonds,847,128"
"Ten of Clubs | Four of Clubs,1942,319"
"King of Clubs | Three of Clubs,1924,421"
"Eight of Hearts | Five of Spades,886,70"
"Eight of Spades | Four of Clubs,1300,75"
"Queen of Diamonds | Jack of Spades,857,97"
"Jack of Diamonds | Eight of Diamonds,879,108"
"Six of Spades | Two of Hearts,865,46"
"Jack of Diamonds | Three of Hearts,870,72"
"Eight of Hearts | Five of Hearts,843,90"
"Eight of Spades | Three of Diamonds,847,49"
"Two of Hearts | Two of Diamonds,399,55"
"King of Spades | Ten of Diamonds,825,107"
"Six of Diamonds | Six of Spades,405,61"
"Jack of Diamonds | Two of Spades,793,73"
"Ace of Diamonds | King of Spades,855,141"
"Nine of Spades | Seven of Hearts,791,83"
"Ten of Diamonds | Six of Spades,814,64"
"Nine of Diamonds | Nine of Clubs,617,104"
"Eight of Clubs | Three of Spades,1254,79"
"Jack of Spades | Two of Spades,837,72"
"Nine of Hearts | Five of Diamonds,845,71"
"Ten of Diamonds | Two of Diamonds,858,78"
"Ace of Spades | Five of Spades,863,114"
"Ace of Hearts | Four of Diamonds,814,85"
"Seven of Hearts | Four of Diamonds,825,61"
"Nine of Diamonds | Three of Clubs,1227,80"
"Three of Hearts | Two of Hearts,829,69"
"Queen of Hearts | Eight of Diamonds,828,73"
"Ace of Diamonds | Three of Spades,895,86"
"Nine of Hearts | Seven of Spades,827,73"
"King of Hearts | Ten of Hearts,831,123"
"Six of Diamonds | Six of Clubs,660,80"
"Jack of Hearts | Six of Spades,849,65"
"King of Spades | Two of Diamonds,861,66"
"Eight of Clubs | Six of Clubs,1934,329"
"King of Hearts | Six of Diamonds,800,92"
"Queen of Clubs | Nine of Spades,1291,157"
"Ace of Diamonds | Four of Diamonds,830,111"
"Ace of Hearts | Ace of Spades,396,122"
"Seven of Clubs | Four of Diamonds,1251,80"
"Jack of Spades | Five of Clubs,1206,95"
"Ten of Diamonds | Three of Diamonds,876,93"
"Nine of Diamonds | Five of Diamonds,858,94"
"Six of Diamonds | Two of Hearts,816,49"
"Nine of Hearts | Six of Spades,851,72"
"Nine of Spades | Four of Spades,839,85"
"Eight of Hearts | Seven of Clubs,1221,124"
"King of Spades | Six of Diamonds,885,77"
"Four of Spades | Three of Hearts,820,57"
"Jack of Diamonds | Six of Spades,807,56"
"Six of Clubs | Five of Spades,1218,112"
"Four of Spades | Four of Clubs,619,60"
"Eight of Diamonds | Five of Clubs,1285,104"
"Jack of Hearts | Three of Clubs,1250,87"
"Jack of Diamonds | Nine of Clubs,1249,147"
"Queen of Diamonds | Six of Hearts,824,71"
"Jack of Spades | Two of Hearts,840,67"
"Ace of Spades | Jack of Hearts,852,124"
"Three of Spades | Three of Clubs,627,59"
"Ten of Spades | Five of Diamonds,873,60"
"King of Hearts | Queen of Hearts,799,124"
"Ace of Clubs | Jack of Clubs,1987,610"
"Ace of Spades | Ace of Hearts,402,100"
"Nine of Diamonds | Nine of Hearts,440,71"
"Seven of Clubs | Five of Diamonds,1282,94"
"Seven of Hearts | Seven of Spades,397,65"
"Ten of Clubs | Seven of Spades,1247,124"
"Eight of Hearts | Seven of Hearts,769,86"
"Three of Clubs | Two of Diamonds,1243,67"
"Ten of Hearts | Five of Hearts,849,82"
"Queen of Clubs | Seven of Hearts,1285,132"
"Queen of Spades | Jack of Hearts,827,113"
"Six of Hearts | Six of Diamonds,395,53"
"Queen of Diamonds | Two of Hearts,845,59"
"Eight of Diamonds | Six of Hearts,829,82"
"Ten of Clubs | Eight of Diamonds,1243,128"
"Queen of Diamonds | Six of Clubs,1220,92"
"Five of Diamonds | Three of Clubs,1220,92"
"Nine of Diamonds | Two of Spades,805,49"
"Queen of Spades | Queen of Hearts,448,104"
"Six of Clubs | Four of Hearts,1324,113"
"Nine of Clubs | Four of Clubs,1874,304"
"Five of Hearts | Three of Clubs,1281,97"
"Queen of Hearts | Two of Diamonds,796,64"
"Ten of Clubs | Six of Spades,1260,126"
"Ace of Clubs | Five of Spades,1284,197"
"Ace of Clubs | King of Clubs,1904,545"
"Ten of Hearts | Four of Clubs,1291,82"
"Seven of Diamonds | Six of Diamonds,836,83"
"Ace of Spades | Three of Clubs,1260,116"
"Eight of Spades | Two of Hearts,863,44"
"King of Diamonds | Eight of Diamonds,896,94"
"Six of Hearts | Four of Diamonds,851,62"
"Six of Spades | Three of Clubs,1240,78"
"Queen of Clubs | Three of Diamonds,1250,133"
"Jack of Clubs | Jack of Diamonds,653,117"
"King of Hearts | Three of Spades,800,79"
"Queen of Clubs | Six of Hearts,1319,136"
"Five of Hearts | Three of Spades,818,70"
"Nine of Hearts | Nine of Clubs,670,97"
"Seven of Spades | Six of Spades,814,102"
"King of Diamonds | Four of Hearts,826,75"
"Nine of Spades | Four of Diamonds,834,61"
"Eight of Spades | Two of Diamonds,846,44"
"Jack of Hearts | Six of Diamonds,842,71"
"Ace of Diamonds | Queen of Clubs,1229,235"
"Nine of Hearts | Nine of Diamonds,409,59"
"Ace of Clubs | Seven of Spades,1269,210"
"Jack of Spades | Nine of Hearts,872,97"
"Eight of Hearts | Six of Clubs,1253,122"
"Seven of Spades | Seven of Diamonds,434,58"
"Ten of Hearts | Ten of Clubs,618,101"
"Nine of Diamonds | Three of Diamonds,848,62"
"Nine of Clubs | Three of Clubs,2013,301"
"Seven of Clubs | Five of Hearts,1296,102"
"Seven of Hearts | Seven of Diamonds,432,70"
"Nine of Diamonds | Three of Spades,819,45"
"Four of Diamonds | Two of Clubs,1243,93"
"Queen of Clubs | Eight of Clubs,1965,395"
"Nine of Clubs | Four of Hearts,1229,90"
"Four of Diamonds | Two of Diamonds,875,67"
"Ace of Spades | Jack of Clubs,1232,205"
"Queen of Hearts | Seven of Diamonds,845,75"
"King of Hearts | King of Clubs,612,155"
"Eight of Diamonds | Five of Diamonds,827,88"
"King of Hearts | Four of Diamonds,781,64"
"King of Hearts | Two of Hearts,836,81"
"Ten of Diamonds | Two of Clubs,1213,88"
"King of Diamonds | Jack of Diamonds,817,125"
"Ace of Spades | Ace of Clubs,616,197"
"Seven of Clubs | Two of Hearts,1260,71"
"Six of Diamonds | Two of Diamonds,827,72"
"Jack of Clubs | Five of Clubs,1960,345"
"King of Diamonds | Seven of Diamonds,794,91"
"Queen of Diamonds | Queen of Spades,374,75"
"Queen of Diamonds | Four of Diamonds,799,88"
"King of Clubs | Five of Spades,1245,141"
"King of Hearts | Nine of Hearts,847,120"
"Queen of Spades | Nine of Diamonds,824,90"
"King of Clubs | Eight of Hearts,1293,168"
"Queen of Clubs | Ten of Hearts,1279,184"
"Jack of Hearts | Eight of Clubs,1253,139"
"Nine of Spades | Two of Spades,830,69"
"Jack of Hearts | Ten of Spades,839,105"
"Queen of Diamonds | Queen of Hearts,403,80"
"King of Hearts | Eight of Clubs,1261,112"
"Six of Spades | Five of Clubs,1304,103"
"Jack of Clubs | Two of Diamonds,1207,79"
"Ten of Diamonds | Four of Diamonds,858,80"
"Seven of Clubs | Two of Spades,1282,63"
"Ace of Diamonds | Ace of Spades,419,120"
"Queen of Spades | Five of Diamonds,812,55"
"Ace of Diamonds | Six of Spades,859,94"
"Ace of Clubs | Three of Clubs,1911,479"
"Eight of Hearts | Two of Hearts,794,56"
"Queen of Diamonds | Ten of Diamonds,889,116"
"Seven of Clubs | Six of Diamonds,1275,117"
"Ten of Diamonds | Five of Clubs,1232,107"
"Ace of Clubs | King of Spades,1240,273"
"Jack of Diamonds | Six of Hearts,818,74"
"Six of Spades | Two of Diamonds,891,66"
"Queen of Diamonds | Eight of Hearts,813,75"
"Five of Spades | Two of Spades,839,101"
"King of Spades | Ten of Spades,800,122"
"Nine of Diamonds | Eight of Spades,822,90"
"Ten of Spades | Two of Diamonds,807,51"
"Ten of Hearts | Three of Diamonds,848,71"
"King of Spades | Four of Clubs,1303,94"
"King of Spades | Eight of Spades,858,120"
"Six of Diamonds | Four of Clubs,1218,110"
"Nine of Clubs | Eight of Diamonds,1336,143"
"Five of Clubs | Three of Hearts,1296,102"
"Six of Diamonds | Six of Hearts,388,54"
"Queen of Spades | Two of Hearts,908,73"
"Queen of Clubs | Nine of Hearts,1314,180"
"King of Diamonds | Seven of Clubs,1238,115"
"Ace of Diamonds | Three of Clubs,1235,114"
"Three of Hearts | Two of Clubs,1309,70"
"Ten of Hearts | Two of Hearts,866,64"
"Ace of Hearts | Queen of Diamonds,791,120"
"Ace of Diamonds | Ten of Diamonds,810,121"
"King of Spades | Queen of Spades,813,149"
"Nine of Spades | Six of Spades,860,100"
"Jack of Spades | Ten of Diamonds,873,111"
"King of Spades | Two of Spades,838,95"
"Ace of Diamonds | Jack of Spades,849,124"
"Eight of Spades | Seven of Clubs,1249,132"
"Ten of Diamonds | Two of Hearts,855,66"
"Ace of Diamonds | Ten of Clubs,1247,181"
"Ace of Clubs | Six of Hearts,1271,181"
"Eight of Spades | Eight of Hearts,457,62"
"Ace of Clubs | Five of Diamonds,1288,209"
"Ten of Diamonds | Four of Clubs,1299,78"
"King of Hearts | Nine of Clubs,1279,156"
"Seven of Spades | Two of Diamonds,790,53"
"King of Hearts | Five of Hearts,845,98"
"Nine of Spades | Seven of Diamonds,766,69"
"Nine of Diamonds | Two of Hearts,791,51"
"Five of Spades | Three of Spades,849,84"
"Five of Spades | Two of Hearts,898,63"
"Ten of Clubs | Eight of Spades,1193,131"
"Eight of Spades | Six of Diamonds,867,81"
"Ace of Hearts | Eight of Diamonds,893,100"
"Seven of Diamonds | Two of Hearts,824,50"
"Nine of Clubs | Three of Hearts,1305,79"
"Queen of Spades | Two of Diamonds,877,64"
"Ace of Spades | Ten of Hearts,812,118"
"Nine of Hearts | Four of Hearts,841,71"
"Queen of Hearts | Three of Spades,869,60"
"Nine of Clubs | Six of Diamonds,1221,99"
"Jack of Clubs | Seven of Hearts,1222,100"
"Ace of Diamonds | Nine of Diamonds,817,112"
"Six of Diamonds | Three of Clubs,1341,81"
"Jack of Diamonds | Jack of Hearts,404,75"
"Jack of Spades | Ten of Spades,822,129"
"Seven of Spades | Five of Diamonds,815,78"
"King of Hearts | Seven of Spades,820,86"
"Ace of Spades | Queen of Spades,849,146"
"Queen of Clubs | Ten of Diamonds,1225,186"
"Queen of Spades | Four of Clubs,1293,113"
"Six of Clubs | Four of Spades,1212,92"
"Queen of Spades | Ten of Diamonds,850,111"
"Nine of Spades | Seven of Spades,855,91"
"Ace of Clubs | Queen of Hearts,1237,237"
"Nine of Hearts | Three of Clubs,1264,77"
"Ten of Diamonds | Ten of Clubs,646,89"
"King of Clubs | Four of Hearts,1279,158"
"King of Clubs | Ten of Hearts,1265,206"
"Jack of Clubs | Eight of Clubs,1960,390"
"Five of Clubs | Three of Diamonds,1286,105"
"Eight of Clubs | Four of Hearts,1258,86"
"Ten of Spades | Nine of Diamonds,857,87"
"Queen of Diamonds | Queen of Clubs,634,125"
"Queen of Diamonds | Four of Hearts,838,71"
"King of Hearts | Three of Diamonds,827,73"
"Ten of Hearts | Six of Diamonds,825,57"
"Ten of Diamonds | Eight of Hearts,790,99"
"King of Spades | Seven of Diamonds,850,73"
"Seven of Clubs | Three of Diamonds,1277,85"
"King of Spades | Eight of Diamonds,843,79"
"Queen of Spades | Jack of Diamonds,750,108"
"King of Hearts | Jack of Spades,882,127"
"Five of Diamonds | Four of Diamonds,812,86"
"Eight of Hearts | Six of Hearts,775,79"
"Eight of Clubs | Three of Diamonds,1224,54"
"Jack of Hearts | Nine of Diamonds,812,93"
"Ten of Clubs | Ten of Spades,635,86"
"Jack of Hearts | Two of Diamonds,838,44"
"Three of Clubs | Two of Clubs,1939,248"
"Queen of Diamonds | Four of Clubs,1246,101"
"Queen of Hearts | Seven of Hearts,871,94"
"Nine of Clubs | Two of Diamonds,1260,80"
"Ace of Spades | Seven of Spades,835,109"
"King of Diamonds | Eight of Spades,830,74"
"Queen of Clubs | Seven of Clubs,1839,364"
"Jack of Hearts | Three of Diamonds,778,57"
"Ace of Diamonds | Ace of Clubs,618,161"
"Five of Hearts | Five of Diamonds,421,62"
"Six of Spades | Four of Spades,827,94"
"Seven of Spades | Three of Spades,869,66"
"Ace of Spades | Eight of Spades,838,102"
"Jack of Hearts | Three of Spades,831,58"
"Ace of Spades | Ten of Spades,834,127"
"Ten of Clubs | Ten of Diamonds,606,103"
"Seven of Hearts | Four of Hearts,843,80"
"Six of Clubs | Three of Hearts,1222,99"
"King of Clubs | Six of Diamonds,1236,149"
"Jack of Spades | Five of Hearts,824,65"
"Queen of Diamonds | Nine of Diamonds,855,123"
"Ten of Spades | Eight of Spades,806,104"
"King of Clubs | Ten of Clubs,1994,532"
"Jack of Hearts | Two of Clubs,1261,77"
"Ace of Diamonds | Five of Hearts,866,89"
"Four of Hearts | Three of Diamonds,825,63"
"Eight of Diamonds | Five of Hearts,857,75"
"Jack of Hearts | Seven of Diamonds,803,69"
"Jack of Hearts | Two of Hearts,841,93"
"Six of Diamonds | Two of Spades,823,48"
"Eight of Hearts | Five of Clubs,1270,90"
"Ten of Spades | Eight of Hearts,861,75"
"Four of Hearts | Four of Diamonds,413,50"
"Nine of Spades | Three of Diamonds,842,48"
"Ten of Hearts | Seven of Clubs,1237,135"
"Three of Spades | Three of Hearts,385,56"
"Nine of Hearts | Seven of Hearts,867,89"
"King of Clubs | Jack of Clubs,1930,519"
"Two of Spades | Two of Hearts,428,56"
"King of Diamonds | Ten of Clubs,1214,166"
"Ace of Hearts | Seven of Diamonds,833,104"
"Queen of Spades | Six of Clubs,1252,113"
"Eight of Clubs | Five of Spades,1225,112"
"Queen of Clubs | Six of Diamonds,1243,130"
"Ace of Hearts | Six of Spades,827,94"
"Jack of Clubs | Eight of Hearts,1235,138"
"Three of Spades | Two of Diamonds,834,53"
"Ten of Clubs | Five of Hearts,1237,107"
"Four of Hearts | Two of Hearts,833,80"
"Ace of Diamonds | Nine of Clubs,1271,162"
"Ten of Diamonds | Four of Spades,843,59"
"Five of Diamonds | Three of Hearts,838,72"
"Queen of Hearts | Seven of Clubs,1283,106"
"Queen of Hearts | Nine of Clubs,1276,164"
"Two of Clubs | Two of Spades,603,45"
"Queen of Spades | Queen of Clubs,611,118"
"Jack of Spades | Two of Clubs,1247,86"
"Jack of Diamonds | Four of Spades,872,69"
"Ace of Spades | Four of Diamonds,851,95"
"Four of Clubs | Two of Hearts,1280,77"
"Three of Hearts | Three of Clubs,596,59"
"Queen of Clubs | Five of Spades,1295,119"
"King of Hearts | King of Spades,439,110"
"Nine of Spades | Five of Diamonds,835,66"
"Seven of Hearts | Two of Clubs,1281,69"
"Jack of Clubs | Seven of Clubs,2016,411"
"Ten of Clubs | Two of Diamonds,1317,91"
"Ten of Hearts | Five of Clubs,1220,90"
"King of Hearts | Four of Spades,855,76"
"Ten of Hearts | Two of Diamonds,792,47"
"Seven of Diamonds | Three of Spades,839,61"
"Four of Hearts | Two of Spades,807,54"
"Ten of Clubs | Three of Clubs,1883,275"
"Ten of Hearts | Five of Diamonds,815,70"
"King of Clubs | Three of Diamonds,1204,149"
"Eight of Diamonds | Seven of Diamonds,853,86"
"King of Spades | Jack of Clubs,1237,163"
"Seven of Diamonds | Four of Hearts,817,78"
"King of Diamonds | Five of Diamonds,858,104"
"Ace of Hearts | King of Diamonds,827,142"
"Seven of Spades | Five of Hearts,846,66"
"Eight of Clubs | Six of Hearts,1249,118"
"Six of Clubs | Six of Hearts,699,72"
"Queen of Diamonds | Three of Spades,781,74"
"Ten of Clubs | Nine of Spades,1241,139"
"King of Spades | Three of Clubs,1232,106"
"King of Clubs | Seven of Diamonds,1244,143"
"Ace of Spades | Jack of Spades,875,131"
"Five of Clubs | Four of Diamonds,1312,130"
"Nine of Clubs | Two of Spades,1248,80"
"Jack of Diamonds | Five of Clubs,1209,88"
"Ace of Diamonds | Jack of Diamonds,799,115"
"Eight of Hearts | Eight of Spades,394,54"
"Jack of Clubs | Five of Hearts,1338,129"
"Nine of Hearts | Five of Hearts,829,84"
"Queen of Hearts | Six of Diamonds,856,79"
"Queen of Spades | Ten of Hearts,890,123"
"Two of Diamonds | Two of Spades,439,57"
"Ace of Hearts | Ace of Diamonds,420,134"
"Queen of Spades | Two of Clubs,1300,86"
"King of Hearts | Two of Spades,850,63"
"Ace of Clubs | Two of Diamonds,1321,159"
"Eight of Spades | Five of Diamonds,862,67"
"Six of Hearts | Five of Diamonds,817,70"
"Ten of Clubs | Eight of Clubs,1892,394"
"Seven of Hearts | Four of Clubs,1279,94"
"Seven of Diamonds | Four of Diamonds,799,80"
"Ace of Diamonds | Eight of Clubs,1332,149"
"Ace of Spades | Nine of Spades,792,94"
"Ace of Spades | Six of Hearts,860,105"
"Ace of Hearts | Ten of Spades,822,112"
"Ace of Diamonds | Nine of Spades,809,106"
"King of Diamonds | Nine of Diamonds,816,96"
"King of Diamonds | Six of Hearts,770,53"
"Nine of Clubs | Three of Spades,1305,82"
"King of Diamonds | Four of Spades,847,61"
"Six of Diamonds | Five of Spades,860,79"
"Queen of Spades | Eight of Diamonds,830,79"
"Ace of Hearts | Eight of Spades,843,87"
"Ten of Spades | Six of Clubs,1304,106"
"Eight of Hearts | Four of Hearts,874,94"
"King of Spades | Four of Spades,809,99"
"Ten of Hearts | Eight of Spades,807,88"
"Ace of Clubs | Four of Clubs,1991,503"
"Queen of Spades | Eight of Clubs,1269,117"
"Queen of Diamonds | Three of Hearts,872,57"
"Eight of Diamonds | Five of Spades,812,74"
"Eight of Spades | Four of Spades,881,72"
"Ten of Diamonds | Six of Hearts,853,75"
"Ten of Spades | Six of Spades,749,81"
"King of Diamonds | Four of Diamonds,840,92"
"Ten of Spades | Nine of Spades,808,109"
"Jack of Clubs | Two of Hearts,1257,105"
"Ace of Clubs | Seven of Clubs,1889,470"
"Eight of Clubs | Six of Spades,1231,128"
"Four of Spades | Two of Diamonds,834,73"
"Nine of Spades | Five of Spades,850,100"
"Queen of Spades | Three of Hearts,874,60"
"Seven of Diamonds | Five of Hearts,786,77"
"Queen of Spades | Queen of Diamonds,402,88"
"Four of Clubs | Three of Clubs,1927,265"
"Jack of Clubs | Nine of Clubs,1984,443"
"Nine of Clubs | Two of Clubs,1943,316"
"Queen of Clubs | Four of Clubs,1949,399"
"Ace of Diamonds | Jack of Hearts,831,120"
"Eight of Spades | Two of Clubs,1262,69"
"Eight of Clubs | Seven of Diamonds,1250,125"
"Ace of Hearts | King of Spades,847,147"
"Queen of Clubs | Nine of Clubs,1909,429"
"Seven of Hearts | Seven of Clubs,610,64"
"King of Diamonds | Nine of Clubs,1202,131"
"King of Clubs | Nine of Clubs,1898,471"
"Ten of Spades | Two of Spades,879,61"
"Jack of Hearts | Seven of Spades,805,85"
"Five of Clubs | Three of Spades,1220,91"
"Ace of Clubs | Ace of Hearts,649,211"
"Five of Hearts | Five of Spades,424,57"
"Queen of Clubs | Five of Hearts,1275,115"
"King of Hearts | Eight of Spades,781,78"
"Ace of Clubs | Five of Hearts,1228,202"
"Jack of Spades | Six of Spades,799,86"
"Ace of Diamonds | King of Diamonds,833,157"
"Seven of Hearts | Six of Diamonds,899,81"
"Ace of Clubs | Queen of Clubs,2037,547"
"Queen of Spades | Ten of Spades,820,114"
"Three of Diamonds | Two of Diamonds,829,62"
"Queen of Hearts | Two of Spades,838,54"
"Ten of Diamonds | Seven of Clubs,1294,113"
"Eight of Spades | Four of Diamonds,821,45"
"Queen of Clubs | Seven of Diamonds,1294,131"
"Seven of Hearts | Two of Hearts,816,68"
"Ten of Spades | Eight of Diamonds,818,69"
"Five of Spades | Two of Clubs,1256,88"
"King of Clubs | Three of Hearts,1239,128"
"Four of Diamonds | Three of Spades,830,61"
"Three of Diamonds | Three of Spades,408,57"
"Jack of Spades | Jack of Clubs,624,125"
"Jack of Clubs | Nine of Spades,1263,153"
"Eight of Spades | Five of Hearts,834,62"
"Three of Clubs | Three of Spades,612,60"
"Five of Diamonds | Two of Spades,762,51"
"Seven of Spades | Five of Clubs,1208,96"
"King of Clubs | Six of Clubs,1963,419"
"Three of Hearts | Two of Diamonds,815,58"
"Ten of Spades | Six of Diamonds,783,64"
"Ten of Spades | Seven of Diamonds,830,95"
"Jack of Diamonds | Ten of Diamonds,914,143"
"Jack of Diamonds | Five of Spades,882,77"
"Seven of Spades | Five of Spades,830,85"
"Queen of Diamonds | Two of Spades,826,66"
"King of Clubs | King of Diamonds,645,144"
"King of Diamonds | King of Spades,409,118"
"Queen of Spades | Jack of Spades,829,132"
"Ace of Spades | Two of Clubs,1235,118"
"Queen of Diamonds | Nine of Spades,845,87"
"Jack of Clubs | Jack of Hearts,603,105"
"Two of Diamonds | Two of Clubs,610,62"
"Six of Spades | Five of Diamonds,852,71"
"Nine of Hearts | Seven of Clubs,1248,105"
"King of Clubs | Eight of Clubs,1932,472"
"Seven of Spades | Seven of Clubs,614,76"
"Jack of Clubs | Three of Clubs,2018,366"
"Eight of Hearts | Four of Diamonds,828,56"
"Ten of Hearts | Nine of Diamonds,822,97"
"King of Hearts | Jack of Hearts,868,149"
"King of Hearts | Nine of Diamonds,829,114"
"Queen of Hearts | Five of Hearts,805,103"
"Ace of Diamonds | Six of Clubs,1258,122"
"Ace of Clubs | Two of Hearts,1312,162"
"Nine of Clubs | Four of Spades,1242,69"
"Jack of Diamonds | Five of Diamonds,806,83"
"Seven of Hearts | Five of Clubs,1255,109"
"Seven of Diamonds | Six of Hearts,798,78"
"King of Clubs | King of Spades,628,162"
"Nine of Diamonds | Four of Diamonds,818,72"
"Ace of Hearts | Two of Hearts,861,93"
"Three of Clubs | Three of Diamonds,627,72"
"Nine of Hearts | Four of Spades,809,47"
"Eight of Diamonds | Four of Spades,802,53"
"Jack of Hearts | Eight of Spades,853,99"
"Queen of Hearts | Eight of Spades,806,83"
"Five of Spades | Four of Spades,834,93"
"Jack of Spades | Four of Clubs,1259,96"
"Eight of Clubs | Eight of Diamonds,627,79"
"Eight of Hearts | Six of Spades,854,79"
"Queen of Spades | Three of Diamonds,798,60"
"Jack of Diamonds | Ten of Clubs,1322,168"
"Eight of Hearts | Two of Diamonds,843,54"
"Jack of Clubs | Ten of Spades,1233,167"
"Eight of Diamonds | Four of Clubs,1206,93"
"Ace of Hearts | Jack of Clubs,1223,187"
"Queen of Diamonds | Five of Clubs,1218,77"
"Four of Clubs | Three of Hearts,1270,97"
"Eight of Clubs | Five of Hearts,1242,86"
"Six of Spades | Six of Clubs,595,70"
"Ace of Hearts | Nine of Diamonds,866,91"
"Queen of Hearts | Four of Clubs,1270,97"
"Queen of Spades | Three of Spades,827,75"
"Five of Diamonds | Four of Clubs,1273,118"
"Jack of Hearts | Ten of Diamonds,821,109"
"Nine of Diamonds | Three of Hearts,854,72"
"Seven of Spades | Three of Hearts,867,54"
"Eight of Hearts | Two of Clubs,1255,65"
"King of Spades | Ten of Clubs,1282,192"
"Jack of Hearts | Nine of Spades,793,100"
"Eight of Diamonds | Six of Spades,870,74"
"King of Diamonds | Ten of Spades,829,115"
"Ace of Clubs | Six of Diamonds,1211,164"
"Queen of Clubs | Eight of Spades,1307,147"
"Ace of Clubs | Queen of Spades,1281,266"
"Ace of Diamonds | Queen of Diamonds,817,153"
"King of Spades | Eight of Hearts,826,89"
"Nine of Spades | Five of Clubs,1269,97"
"Eight of Diamonds | Six of Clubs,1215,109"
"Nine of Spades | Three of Clubs,1271,75"
"Six of Hearts | Six of Clubs,571,74"
"Seven of Hearts | Five of Spades,820,68"
"Ace of Diamonds | Five of Spades,834,101"
"Ace of Diamonds | Six of Hearts,814,87"
"Four of Clubs | Two of Clubs,1875,273"
"Jack of Clubs | Four of Hearts,1268,103"
"Nine of Clubs | Five of Diamonds,1266,99"
"Ten of Spades | Four of Spades,889,80"
"Four of Diamonds | Two of Hearts,871,56"
"Ace of Diamonds | Eight of Spades,848,78"
"King of Clubs | Queen of Spades,1233,216"
"Queen of Hearts | Two of Hearts,826,87"
"Nine of Clubs | Seven of Clubs,1939,329"
"Ten of Clubs | Five of Spades,1273,113"
"Queen of Clubs | Two of Hearts,1293,120"
"Ten of Clubs | Four of Hearts,1289,101"
"Ace of Spades | Queen of Clubs,1313,210"
"Five of Clubs | Five of Diamonds,622,62"
"Ace of Spades | Five of Diamonds,797,85"
"Nine of Hearts | Six of Clubs,1232,104"
"Jack of Diamonds | Three of Clubs,1309,78"
"King of Diamonds | King of Clubs,623,162"
"Queen of Spades | Nine of Clubs,1282,160"
"King of Spades | Eight of Clubs,1272,117"
"Nine of Clubs | Three of Diamonds,1275,86"
"Queen of Diamonds | Jack of Clubs,1290,176"
"Eight of Diamonds | Seven of Hearts,780,78"
"Nine of Diamonds | Five of Spades,822,66"
"Jack of Clubs | Five of Diamonds,1246,110"
"Seven of Clubs | Four of Clubs,1975,319"
"King of Diamonds | Four of Clubs,1249,108"
"Ten of Clubs | Nine of Hearts,1283,162"
"Jack of Hearts | Six of Clubs,1291,90"
"Seven of Clubs | Seven of Spades,629,75"
"Ten of Clubs | Six of Diamonds,1322,120"
"Eight of Diamonds | Four of Diamonds,796,78"
"Nine of Diamonds | Eight of Diamonds,802,96"
"Eight of Clubs | Three of Hearts,1250,92"
"Eight of Clubs | Five of Clubs,1983,309"
"King of Spades | Queen of Diamonds,829,131"
"Six of Hearts | Six of Spades,406,65"
"Nine of Hearts | Five of Clubs,1229,98"
"Five of Hearts | Three of Hearts,815,73"
"Seven of Hearts | Six of Spades,835,91"
"King of Clubs | Nine of Spades,1263,177"
"Ace of Clubs | Two of Spades,1246,161"
"Eight of Clubs | Four of Spades,1294,92"
"Ten of Clubs | Ten of Hearts,663,102"
"Ten of Hearts | Three of Hearts,798,92"
"Jack of Clubs | Four of Diamonds,1221,104"
"Ten of Hearts | Four of Hearts,835,78"
"Five of Diamonds | Three of Spades,834,61"
"Two of Spades | Two of Clubs,601,56"
"Ten of Clubs | Three of Spades,1276,96"
"King of Clubs | Nine of Diamonds,1246,145"
"Jack of Spades | Four of Spades,798,90"
"Ten of Clubs | Two of Hearts,1224,74"
"Ace of Diamonds | Ace of Hearts,416,119"
"Ace of Diamonds | Five of Diamonds,836,117"
"Ace of Diamonds | Seven of Spades,830,90"
"Ten of Diamonds | Ten of Spades,430,82"
"Queen of Hearts | Five of Spades,838,56"
"King of Clubs | Seven of Clubs,1894,451"
"Ten of Diamonds | Ten of Hearts,411,74"
"King of Clubs | Five of Diamonds,1264,144"
"Eight of Spades | Five of Spades,841,86"
"Ace of Spades | Six of Spades,818,118"
"Eight of Spades | Two of Spades,832,64"
"Jack of Spades | Eight of Diamonds,864,93"
"King of Spades | Seven of Clubs,1252,123"
"Six of Diamonds | Four of Hearts,843,62"
"Eight of Spades | Six of Spades,854,97"
"Eight of Clubs | Four of Diamonds,1183,89"
"Ace of Diamonds | Queen of Hearts,790,117"
"Jack of Diamonds | Eight of Hearts,798,77"
"Ten of Spades | Two of Clubs,1261,91"
"Ten of Clubs | Four of Diamonds,1253,112"
"Eight of Diamonds | Eight of Clubs,637,71"
"Six of Hearts | Four of Hearts,825,80"
"Ten of Hearts | Ten of Spades,390,70"
"Queen of Clubs | Jack of Spades,1239,189"
"King of Spades | Five of Hearts,883,88"
"Eight of Diamonds | Three of Diamonds,855,78"
"Queen of Diamonds | Six of Diamonds,840,86"
"Ten of Diamonds | Eight of Spades,819,82"
"Nine of Hearts | Six of Diamonds,882,75"
"Three of Clubs | Two of Hearts,1268,66"
"Queen of Hearts | Nine of Hearts,816,128"
"King of Diamonds | Two of Diamonds,798,85"
"Ace of Spades | Nine of Hearts,881,100"
"Jack of Diamonds | Ten of Spades,791,107"
"Ten of Diamonds | Three of Hearts,822,62"
"Queen of Spades | Ten of Clubs,1296,170"
"Seven of Diamonds | Seven of Spades,412,57"
"Six of Spades | Five of Spades,799,85"
"Five of Hearts | Five of Clubs,602,68"
"Eight of Diamonds | Eight of Spades,417,67"
"Jack of Clubs | Nine of Hearts,1232,136"
"Nine of Hearts | Two of Spades,809,45"
"Two of Clubs | Two of Hearts,616,75"
"Jack of Clubs | Three of Diamonds,1283,106"
"King of Spades | Four of Diamonds,861,83"
"Eight of Hearts | Two of Spades,819,52"
"Nine of Spades | Nine of Diamonds,433,73"
"Ace of Clubs | Seven of Hearts,1263,191"
"Ten of Diamonds | Three of Clubs,1253,72"
"Six of Diamonds | Five of Clubs,1261,104"
"Nine of Clubs | Two of Hearts,1291,74"
"Ten of Spades | Ten of Diamonds,427,62"
"Seven of Clubs | Six of Spades,1257,99"
"Seven of Spades | Three of Diamonds,845,55"
"Five of Clubs | Three of Clubs,1896,296"
"Seven of Spades | Four of Clubs,1233,82"
"Six of Clubs | Four of Clubs,1932,320"
"Seven of Spades | Four of Diamonds,883,61"
"Jack of Hearts | Jack of Clubs,592,104"
"Nine of Spades | Nine of Hearts,392,70"
"King of Diamonds | Six of Spades,820,82"
"Eight of Spades | Five of Clubs,1197,95"
"Jack of Spades | Ten of Hearts,848,128"
"Nine of Diamonds | Seven of Diamonds,763,85"
"Nine of Spades | Two of Clubs,1227,83"
"Queen of Spades | Seven of Diamonds,790,81"
"Ace of Spades | Two of Hearts,832,71"
"Ace of Spades | Three of Diamonds,810,82"
"Queen of Hearts | Jack of Diamonds,821,98"
"Four of Diamonds | Three of Hearts,842,66"
"Seven of Diamonds | Three of Hearts,818,59"
"Ace of Clubs | Nine of Spades,1286,202"
"Ten of Spades | Seven of Spades,823,93"
"Queen of Spades | Nine of Spades,849,130"
"Eight of Diamonds | Two of Hearts,819,57"
"Ace of Spades | Three of Hearts,811,67"
"Eight of Hearts | Four of Spades,831,60"
"Six of Diamonds | Three of Hearts,818,63"
"Six of Clubs | Two of Hearts,1272,89"
"Seven of Clubs | Four of Hearts,1291,106"
"Queen of Hearts | Ten of Spades,851,101"
"Seven of Clubs | Four of Spades,1293,89"
"King of Clubs | Two of Hearts,1274,155"
"Queen of Diamonds | Five of Spades,880,85"
"Nine of Diamonds | Six of Hearts,859,91"
"King of Hearts | Ten of Diamonds,868,115"
"Nine of Spades | Eight of Spades,851,104"
"Seven of Clubs | Six of Clubs,1967,349"
"Nine of Clubs | Six of Spades,1254,98"
"Ace of Hearts | King of Clubs,1319,265"
"King of Hearts | Seven of Hearts,825,94"
"Six of Spades | Two of Clubs,1254,58"
"King of Hearts | Three of Hearts,813,91"
"Jack of Hearts | Four of Diamonds,856,62"
"Ace of Spades | Two of Diamonds,857,83"
"King of Clubs | Jack of Diamonds,1337,203"
"Jack of Hearts | Four of Hearts,814,92"
"Nine of Hearts | Three of Spades,836,61"
"Seven of Diamonds | Three of Clubs,1302,75"
"King of Clubs | Nine of Hearts,1259,166"
"Queen of Diamonds | Eight of Spades,853,101"
"Jack of Clubs | Ten of Clubs,1850,430"
"Queen of Clubs | Five of Diamonds,1274,141"
"King of Clubs | Five of Clubs,1989,421"
"King of Spades | Jack of Hearts,853,132"
"Five of Hearts | Four of Spades,850,81"
"Jack of Hearts | Five of Spades,842,60"
"Four of Spades | Three of Clubs,1307,93"
"King of Clubs | Three of Spades,1260,142"
"Jack of Spades | Seven of Clubs,1216,108"
"Five of Diamonds | Five of Clubs,616,55"
"Ace of Clubs | Seven of Diamonds,1278,182"
"King of Diamonds | Queen of Diamonds,831,147"
"Queen of Hearts | Nine of Spades,810,79"
"King of Spades | Queen of Clubs,1284,232"
"Nine of Spades | Three of Spades,862,66"
"Nine of Diamonds | Two of Diamonds,861,56"
"Four of Diamonds | Three of Diamonds,809,83"
"Jack of Spades | Three of Clubs,1218,75"
"Jack of Spades | Ten of Clubs,1288,183"
"Ace of Hearts | Three of Diamonds,852,106"
"King of Spades | Seven of Hearts,736,74"
"Seven of Hearts | Three of Clubs,1281,62"
"Queen of Clubs | Queen of Hearts,618,122"
"Six of Hearts | Two of Clubs,1264,83"
"Queen of Clubs | Ten of Spades,1242,179"
"Ace of Hearts | Five of Spades,851,105"
"Seven of Diamonds | Seven of Hearts,436,74"
"Ten of Clubs | Nine of Clubs,1855,422"
"Ace of Spades | Eight of Diamonds,874,82"
"Jack of Spades | Nine of Diamonds,860,107"
"King of Hearts | Queen of Diamonds,812,115"
"Queen of Hearts | Ten of Hearts,849,130"
"Ace of Clubs | Queen of Diamonds,1230,247"
"Ace of Hearts | Six of Diamonds,839,84"
"Six of Clubs | Six of Diamonds,664,80"
"Ten of Hearts | Eight of Hearts,856,88"
"Ace of Clubs | Eight of Spades,1275,194"
"Ten of Hearts | Nine of Spades,799,90"
"King of Hearts | Six of Clubs,1241,121"
"Ace of Clubs | Six of Clubs,1910,490"
"Ten of Spades | Four of Hearts,844,68"
"Five of Diamonds | Two of Hearts,847,65"
"King of Clubs | King of Hearts,697,165"
"Jack of Diamonds | Six of Diamonds,845,88"
"Ace of Diamonds | Three of Diamonds,808,106"
"Eight of Diamonds | Seven of Spades,833,83"
"Seven of Spades | Seven of Hearts,406,65"
"Eight of Diamonds | Three of Spades,900,53"
"Queen of Diamonds | Eight of Clubs,1223,135"
"Jack of Spades | Jack of Hearts,417,87"
"Five of Diamonds | Two of Clubs,1303,98"
"Ten of Clubs | Seven of Diamonds,1211,100"
"Three of Spades | Three of Diamonds,375,56"
"Ace of Hearts | Six of Hearts,858,101"
"Six of Diamonds | Three of Spades,865,63"
"Six of Clubs | Five of Diamonds,1301,109"
"Five of Hearts | Four of Hearts,820,91"
"Nine of Hearts | Eight of Spades,858,91"
"Ten of Spades | Ten of Clubs,621,102"
"Six of Clubs | Three of Diamonds,1322,107"
"Ace of Clubs | Ten of Spades,1303,240"
"Queen of Hearts | Three of Hearts,835,88"
"Queen of Clubs | Four of Diamonds,1257,126"
"King of Diamonds | Two of Spades,816,78"
"Ace of Clubs | Eight of Hearts,1255,185"
"Ace of Clubs | Nine of Diamonds,1216,183"
"Ace of Clubs | Three of Diamonds,1197,179"
"Eight of Diamonds | Three of Hearts,886,61"
"Eight of Hearts | Eight of Diamonds,400,47"
"Ten of Spades | Seven of Hearts,867,69"
"Queen of Clubs | Three of Spades,1255,108"
"Jack of Hearts | Jack of Diamonds,434,81"
"Eight of Spades | Three of Spades,781,58"
"Ace of Clubs | Three of Hearts,1278,194"
"King of Hearts | Seven of Clubs,1279,134"
"Seven of Hearts | Two of Diamonds,870,60"
"Six of Diamonds | Three of Diamonds,847,80"
"Six of Hearts | Five of Clubs,1309,92"
"Eight of Hearts | Six of Diamonds,835,77"
"Queen of Hearts | Queen of Spades,448,88"
"Five of Spades | Four of Diamonds,870,103"
"Nine of Hearts | Eight of Diamonds,838,91"
"Ace of Hearts | Ace of Clubs,579,198"
"Ten of Spades | Three of Diamonds,830,53"
"Queen of Clubs | Nine of Diamonds,1312,170"
"Ace of Diamonds | Four of Spades,795,79"
"Ten of Spades | Four of Clubs,1283,83"
"Four of Diamonds | Two of Spades,841,63"
"Queen of Clubs | Three of Hearts,1241,112"
"Five of Clubs | Two of Spades,1283,84"
"Queen of Diamonds | Two of Diamonds,825,79"
"Ace of Diamonds | Four of Clubs,1198,108"
"Nine of Diamonds | Seven of Hearts,862,87"
"Four of Spades | Four of Diamonds,407,53"
"King of Hearts | Jack of Clubs,1252,180"
"Six of Clubs | Three of Spades,1211,75"
"Four of Diamonds | Four of Clubs,645,74"
"King of Spades | Five of Diamonds,825,77"
"Five of Spades | Three of Diamonds,823,65"
"Ace of Clubs | Six of Spades,1285,170"
"Ten of Clubs | Six of Hearts,1280,132"
"Ten of Clubs | Seven of Hearts,1257,133"
"King of Spades | Nine of Spades,842,118"
"King of Spades | Queen of Hearts,819,107"
"Ten of Hearts | Seven of Spades,810,82"
"Queen of Clubs | Four of Spades,1221,135"
"Queen of Spades | Seven of Clubs,1236,113"
"Eight of Hearts | Five of Diamonds,810,54"
"Ace of Spades | Two of Spades,902,90"
"Seven of Diamonds | Four of Spades,839,62"
"Jack of Diamonds | Nine of Diamonds,872,110"
"Eight of Spades | Eight of Diamonds,433,74"
"Queen of Hearts | Six of Spades,840,64"
"Nine of Clubs | Eight of Clubs,1926,377"
"Jack of Spades | Seven of Diamonds,838,72"
"Queen of Clubs | Two of Clubs,1956,402"
"Six of Hearts | Two of Spades,855,60"
"King of Hearts | Queen of Clubs,1281,217"
"Four of Spades | Two of Clubs,1319,85"
"Queen of Spades | Eight of Spades,840,91"
"King of Diamonds | Ten of Diamonds,840,133"
"King of Spades | King of Hearts,441,122"
"Seven of Hearts | Two of Spades,854,40"
"Queen of Spades | Four of Diamonds,790,61"
"King of Diamonds | Six of Diamonds,855,107"
"Jack of Clubs | Six of Spades,1254,124"
"Nine of Spades | Six of Hearts,837,64"
"Queen of Hearts | Four of Diamonds,825,74"
"Five of Clubs | Five of Spades,616,65"
"Six of Clubs | Two of Diamonds,1211,74"
"Queen of Hearts | Ten of Diamonds,783,115"
"Five of Spades | Two of Diamonds,888,50"
"Six of Hearts | Three of Clubs,1280,89"
"Ten of Spades | Six of Hearts,827,83"
"Eight of Hearts | Four of Clubs,1256,96"
"King of Spades | Seven of Spades,767,95"
"Ten of Hearts | Nine of Hearts,785,125"
"King of Spades | Three of Spades,904,97"
"King of Hearts | Queen of Spades,807,126"
"Nine of Spades | Nine of Clubs,597,90"
"Ten of Spades | Nine of Hearts,781,87"
"Seven of Spades | Three of Clubs,1306,85"
"Queen of Hearts | Ten of Clubs,1181,163"
"Ten of Diamonds | Nine of Spades,863,106"
"Two of Clubs | Two of Diamonds,659,64"
"Ace of Diamonds | Five of Clubs,1223,121"
"Ace of Spades | King of Diamonds,826,153"
"Ten of Diamonds | Seven of Hearts,826,80"
"Five of Spades | Five of Hearts,446,70"
"Nine of Spades | Eight of Clubs,1308,124"
"Ace of Spades | Four of Clubs,1232,141"
"King of Hearts | Ten of Clubs,1256,176"
"Jack of Spades | Two of Diamonds,780,56"
"Ten of Diamonds | Nine of Hearts,807,90"
"Eight of Spades | Four of Hearts,882,69"
"Two of Hearts | Two of Spades,383,55"
"Four of Spades | Two of Hearts,844,54"
"Nine of Spades | Five of Hearts,843,54"
"Queen of Hearts | Three of Clubs,1288,98"
"Seven of Clubs | Five of Spades,1280,117"
"King of Diamonds | Jack of Spades,831,123"
"Ace of Spades | Queen of Diamonds,872,133"
"Seven of Diamonds | Two of Spades,867,52"
"Queen of Spades | Five of Spades,818,90"
"Ace of Diamonds | Eight of Hearts,847,101"
"Queen of Diamonds | Nine of Clubs,1288,148"
"Queen of Diamonds | Seven of Clubs,1223,100"
"Eight of Diamonds | Two of Diamonds,869,77"
"Two of Spades | Two of Diamonds,408,44"
"Queen of Hearts | Three of Diamonds,797,65"
"Jack of Spades | Seven of Spades,804,90"
"Jack of Clubs | Eight of Diamonds,1250,150"
"King of Diamonds | Nine of Spades,809,84"
"Five of Diamonds | Five of Spades,426,63"
"Seven of Spades | Four of Spades,837,82"
"Nine of Spades | Eight of Diamonds,843,95"
"King of Spades | Six of Spades,841,108"
"Jack of Hearts | Five of Hearts,815,88"
"Jack of Spades | Three of Diamonds,810,56"
"Ace of Hearts | Seven of Hearts,861,110"
"Seven of Diamonds | Five of Diamonds,829,89"
"Five of Hearts | Four of Clubs,1291,98"
"Ten of Hearts | Six of Hearts,852,90"
"Ten of Hearts | Six of Clubs,1264,85"
"Ten of Hearts | Five of Spades,839,68"
"Queen of Clubs | Jack of Hearts,1281,215"
"Six of Clubs | Three of Clubs,1897,288"
"Queen of Spades | Five of Clubs,1230,93"
"Four of Hearts | Three of Clubs,1281,82"
"Eight of Spades | Three of Clubs,1281,77"
"Jack of Diamonds | Seven of Diamonds,809,86"
"Jack of Clubs | Two of Clubs,1866,315"
"Ten of Clubs | Two of Spades,1278,77"
"Ace of Diamonds | King of Hearts,811,152"
"Ten of Hearts | Six of Spades,839,74"
"Three of Diamonds | Three of Hearts,428,47"
"Queen of Hearts | Two of Clubs,1256,78"
"Ten of Spades | Seven of Clubs,1236,120"
"Four of Clubs | Four of Hearts,606,63"
"Seven of Spades | Six of Hearts,818,73"
"Eight of Hearts | Three of Diamonds,847,50"
"Ten of Spades | Five of Spades,926,117"
"Jack of Clubs | Ten of Diamonds,1298,191"
"Six of Hearts | Two of Hearts,852,84"
"Ace of Hearts | Nine of Clubs,1246,164"
"Nine of Clubs | Five of Clubs,1902,319"
"Nine of Clubs | Nine of Diamonds,660,100"
"King of Clubs | Two of Diamonds,1277,134"
"Queen of Clubs | Jack of Diamonds,1272,203"
"Ten of Spades | Eight of Clubs,1284,129"
"Seven of Clubs | Three of Hearts,1336,90"
"King of Hearts | Six of Hearts,782,88"
"Six of Hearts | Four of Clubs,1217,88"
"Jack of Spades | Four of Hearts,835,68"
"Ace of Clubs | King of Hearts,1293,261"
"Three of Diamonds | Two of Spades,829,54"
"King of Diamonds | Eight of Hearts,792,88"
"Eight of Hearts | Three of Hearts,816,75"
"Ace of Clubs | Eight of Diamonds,1263,197"
"Three of Hearts | Two of Spades,885,65"
"Queen of Hearts | Six of Clubs,1294,110"
"Queen of Hearts | Five of Diamonds,828,72"
"King of Spades | Five of Clubs,1228,97"
"Six of Diamonds | Two of Clubs,1235,77"
"Ace of Diamonds | Three of Hearts,866,97"
"Three of Diamonds | Three of Clubs,612,61"
"Five of Spades | Three of Clubs,1231,109"
"Ace of Clubs | Four of Diamonds,1284,190"
"Eight of Hearts | Eight of Clubs,609,72"
"Four of Hearts | Four of Clubs,622,64"
"Seven of Clubs | Two of Clubs,1924,277"
"Queen of Spades | Five of Hearts,883,71"
"Nine of Diamonds | Five of Clubs,1321,104"
"Jack of Diamonds | Five of Hearts,821,56"
"Ace of Clubs | Four of Spades,1222,171"
"Three of Hearts | Three of Spades,421,57"
"Four of Spades | Four of Hearts,368,33"
"King of Clubs | Queen of Hearts,1234,217"
"Queen of Diamonds | Three of Clubs,1218,85"
"Eight of Spades | Eight of Clubs,645,82"
"Jack of Spades | Eight of Clubs,1338,129"
"King of Clubs | Queen of Diamonds,1310,217"
"Eight of Diamonds | Two of Clubs,1236,65"
"Eight of Diamonds | Three of Clubs,1224,65"
"Ten of Spades | Two of Hearts,862,63"
"Ace of Spades | King of Hearts,823,137"
"Ten of Spades | Five of Clubs,1261,92"
"Nine of Spades | Three of Hearts,863,59"
"Ace of Diamonds | Seven of Clubs,1257,135"
"Ten of Diamonds | Nine of Clubs,1207,131"
"King of Diamonds | Ten of Hearts,848,104"
"Nine of Diamonds | Seven of Clubs,1262,117"
"Ten of Clubs | Five of Diamonds,1278,95"
"Ace of Hearts | Ten of Diamonds,854,109"
"Ace of Hearts | Two of Spades,824,92"
"Four of Clubs | Two of Diamonds,1318,81"
"Jack of Spades | Nine of Spades,814,105"
"Queen of Diamonds | Eight of Diamonds,914,112"
"King of Hearts | Jack of Diamonds,827,112"
"Ace of Hearts | Queen of Spades,822,123"
"Eight of Diamonds | Four of Hearts,808,53"
"Eight of Spades | Six of Hearts,856,73"
"Seven of Hearts | Six of Hearts,816,101"
"Eight of Hearts | Seven of Diamonds,826,93"
"King of Diamonds | Queen of Spades,833,111"
"Queen of Spades | Six of Diamonds,857,80"
"Nine of Diamonds | Four of Hearts,863,55"
"Seven of Clubs | Five of Clubs,1861,305"
"Ace of Clubs | Ten of Hearts,1307,216"
"King of Hearts | Two of Diamonds,816,62"
"King of Clubs | Seven of Spades,1206,156"
"King of Hearts | Nine of Spades,817,103"
"Eight of Clubs | Three of Clubs,1925,270"
"King of Clubs | Six of Spades,1259,165"
"Nine of Spades | Two of Hearts,857,39"
"Seven of Diamonds | Two of Clubs,1249,66"
"Six of Spades | Three of Spades,870,75"
"Ace of Hearts | Five of Clubs,1238,154"
"King of Diamonds | Five of Hearts,828,82"
"Nine of Diamonds | Six of Spades,830,76"
"Nine of Diamonds | Two of Clubs,1275,77"
"Ten of Diamonds | Five of Diamonds,848,88"
"Seven of Clubs | Seven of Hearts,662,79"
"Ace of Hearts | Jack of Diamonds,830,113"
"Ten of Diamonds | Seven of Spades,817,80"
"King of Diamonds | Five of Clubs,1313,120"
"Queen of Hearts | Queen of Clubs,664,138"
"Four of Spades | Two of Spades,851,78"
"Ace of Clubs | Ace of Spades,625,193"
"Jack of Spades | Five of Spades,829,85"
"Ten of Hearts | Seven of Diamonds,822,74"
"Ace of Spades | Six of Clubs,1253,119"
"Jack of Clubs | Two of Spades,1285,92"
"King of Diamonds | Three of Diamonds,872,90"
"Nine of Diamonds | Six of Diamonds,855,91"
"Seven of Clubs | Three of Clubs,1950,266"
"Eight of Clubs | Eight of Spades,645,87"
"Six of Hearts | Three of Spades,819,63"
"Ten of Hearts | Eight of Clubs,1264,161"
"Ace of Hearts | Queen of Hearts,813,160"
"Queen of Diamonds | Ten of Clubs,1313,171"
"Jack of Clubs | Three of Spades,1297,108"
"Seven of Spades | Two of Spades,822,79"
"Nine of Hearts | Eight of Clubs,1311,134"
"Ace of Hearts | Four of Spades,838,94"
"Nine of Spades | Six of Clubs,1235,94"
"Three of Clubs | Two of Spades,1306,102"
"Eight of Spades | Seven of Spades,856,103"
"Ten of Clubs | Two of Clubs,1944,313"
"Ace of Spades | Jack of Diamonds,838,118"
"Ace of Clubs | Ten of Diamonds,1255,215"
"Seven of Spades | Two of Hearts,853,57"
"Nine of Spades | Four of Clubs,1239,73"
"Queen of Spades | Three of Clubs,1294,121"
"Ace of Hearts | Eight of Clubs,1219,114"
"Nine of Hearts | Two of Clubs,1288,73"
"Queen of Clubs | Three of Clubs,1901,383"
"Six of Hearts | Three of Hearts,841,82"
"Jack of Hearts | Six of Hearts,791,74"
"Ace of Hearts | Two of Diamonds,815,101"
"Ace of Diamonds | Ten of Hearts,849,127"
"Three of Hearts | Three of Diamonds,446,68"
"Five of Clubs | Four of Clubs,1949,321"
"King of Diamonds | Queen of Hearts,888,144"
"King of Hearts | King of Diamonds,417,119"
"Queen of Hearts | Nine of Diamonds,848,72"
"Five of Clubs | Four of Hearts,1236,103"
"Queen of Hearts | Six of Hearts,818,98"
"King of Diamonds | Three of Spades,806,77"
"King of Clubs | Jack of Hearts,1262,204"
"Eight of Clubs | Two of Hearts,1254,65"
"Ace of Spades | Five of Hearts,869,115"
"Jack of Hearts | Four of Clubs,1280,94"
"Ace of Hearts | Six of Clubs,1279,135"
"Seven of Hearts | Three of Spades,857,51"
"King of Clubs | Five of Hearts,1214,141"
"Six of Clubs | Five of Hearts,1227,109"
"Ace of Hearts | Two of Clubs,1299,115"
"King of Spades | King of Clubs,640,182"
"Ten of Hearts | Eight of Diamonds,881,102"
"Four of Hearts | Three of Hearts,879,87"
"Seven of Hearts | Three of Diamonds,864,61"
"Five of Diamonds | Two of Diamonds,835,79"
"Queen of Spades | Four of Spades,820,81"
"King of Hearts | Eight of Diamonds,807,65"
"Eight of Clubs | Seven of Hearts,1224,127"
"King of Diamonds | Five of Spades,816,74"
"Nine of Clubs | Seven of Hearts,1256,137"
"Ace of Clubs | Nine of Clubs,1918,502"
"King of Diamonds | Three of Hearts,924,73"
"Jack of Hearts | Seven of Clubs,1268,107"
"Jack of Clubs | Seven of Spades,1302,146"
"Nine of Diamonds | Eight of Hearts,842,88"
"Ten of Hearts | Three of Spades,874,61"
"Ten of Clubs | Eight of Hearts,1204,148"
"Jack of Diamonds | Jack of Clubs,626,101"
"Seven of Spades | Six of Clubs,1332,120"
"Jack of Diamonds | Eight of Clubs,1305,128"
"King of Hearts | Five of Diamonds,783,77"
"Eight of Clubs | Eight of Hearts,666,83"
"Seven of Hearts | Five of Hearts,812,101"
"Jack of Diamonds | Jack of Spades,417,76"
"Jack of Spades | Six of Diamonds,800,76"
"Jack of Diamonds | Three of Diamonds,795,78"
"Jack of Diamonds | Three of Spades,838,52"
"Seven of Hearts | Five of Diamonds,842,69"
"Six of Clubs | Four of Diamonds,1271,111"
"Queen of Clubs | Eight of Diamonds,1236,148"
"Eight of Clubs | Seven of Clubs,1956,368"
"Six of Spades | Six of Hearts,388,60"
"Eight of Spades | Seven of Diamonds,814,84"
"King of Diamonds | Eight of Clubs,1303,116"
"Nine of Hearts | Eight of Hearts,868,107"
"Nine of Clubs | Seven of Diamonds,1259,116"
"Seven of Spades | Four of Hearts,842,65"
"Queen of Hearts | Eight of Clubs,1267,136"
"Six of Clubs | Two of Clubs,1818,266"
"Three of Diamonds | Two of Clubs,1316,58"
"Five of Hearts | Three of Diamonds,818,77"
"Ace of Hearts | Four of Hearts,889,129"
"King of Clubs | Two of Clubs,1882,382"
"Queen of Clubs | Six of Clubs,1837,370"
"Queen of Clubs | Queen of Spades,637,145"
"Jack of Spades | Nine of Clubs,1185,148"
"Jack of Diamonds | Two of Clubs,1236,70"
"Nine of Diamonds | Four of Spades,836,57"
"Queen of Clubs | Four of Hearts,1266,108"
"Three of Diamonds | Two of Hearts,859,59"
"King of Spades | Nine of Hearts,825,105"
"King of Hearts | Two of Clubs,1271,96"
"Ace of Spades | Five of Clubs,1270,117"
"Six of Clubs | Two of Spades,1234,79"
"Nine of Clubs | Seven of Spades,1291,134"
"Ten of Spades | Three of Hearts,833,56"
"Ten of Hearts | Seven of Hearts,837,107"
"Five of Spades | Three of Hearts,877,71"
"Ten of Diamonds | Eight of Clubs,1272,127"
"King of Diamonds | Jack of Clubs,1261,194"
"King of Spades | Five of Spades,868,94"
"Nine of Spades | Six of Diamonds,860,79"
"Ace of Spades | Nine of Clubs,1189,144"
"Queen of Diamonds | Three of Diamonds,865,93"
"Jack of Clubs | Four of Spades,1296,99"
"Queen of Diamonds | Five of Diamonds,882,94"
"Ace of Clubs | Ace of Diamonds,668,213"
"Jack of Hearts | Five of Clubs,1300,102"
